UsageDate,ProjectName,ProjectID,ProjectNumber,InvoiceCost,InvoiceCostAtListAbs,CostAtList,UsageCost,NegotiatedSavings,SavingsPrograms,OtherSavings,SubTotal
2025-10-31,bambulab,bambulab,322168702712,,,,2442.588641,-48.617605,-685.508503,-90.495545,1617.966988
2025-10-31,68chat-prod,chat-prod-404613,731808937699,,,,3163.692114,0,-312.791908,-350.161236,2500.73897
2025-10-31,ffalcon-HW-01,ffalcon-hw-01,643550418219,,,,2525.804945,-235.843195,-546.251739,-101.211402,1642.498609
2025-10-31,kade,kade-poc,499036589398,,,,3.457826,0,0,-0.539021,2.918805
2025-10-31,lagofast-gcp,lagofast-gcp-429609,369988410061,,,,112.933093,0,0,-17.291116,95.641977
2025-10-31,sw-pro-01,sw-pro-01,661100906716,,,,6141.809531,-687.008373,-597.526584,-263.615481,4593.659093
2025-10-31,tools-orion,tools-orion,131225299543,,,,1741.436197,-185.697726,0,-1555.738454,0.000017
2025-10-31,US-INST-02,us-inst-02,504675810214,,,,48.720693,-7.510591,-1.38003,-2.976482,36.85359
2025-10-30,bambulab,bambulab,322168702712,,,,3079.262137,-88.234488,-720,-119.22478,2151.802869
2025-10-30,68chat-prod,chat-prod-404613,731808937699,,,,3136.419955,0,-371.818208,-339.802281,2424.799466
2025-10-30,ffalcon-HW-01,ffalcon-hw-01,643550418219,,,,2565.707083,-239.375557,-649.442529,-97.800837,1579.08816
2025-10-30,kade,kade-poc,499036589398,,,,3.712296,0,0,-0.572237,3.140059
2025-10-30,lagofast-gcp,lagofast-gcp-429609,369988410061,,,,193.114013,0,0,-26.912005,166.202008
2025-10-30,sw-pro-01,sw-pro-01,661100906716,,,,6122.275269,-680.571486,-712.204994,-259.00838,4470.490409
2025-10-30,tools-orion,tools-orion,131225299543,,,,1718.980945,-202.201738,0,-182.013972,1334.765235
2025-10-30,US-INST-02,us-inst-02,504675810214,,,,51.037476,-7.84535,-1.664587,-3.06136,38.466179
2025-10-29,bambulab,bambulab,322168702712,,,,3148.254101,-93.575497,-720,-122.49818,2212.180424
2025-10-29,68chat-prod,chat-prod-404613,731808937699,,,,3113.736423,0,-372.292555,-337.028803,2404.415065
2025-10-29,ffalcon-HW-01,ffalcon-hw-01,643550418219,,,,2570.31257,-239.837467,-649.39674,-97.892349,1583.186014
2025-10-29,kade,kade-poc,499036589398,,,,4.070526,0,0,-0.60732,3.463206
2025-10-29,lagofast-gcp,lagofast-gcp-429609,369988410061,,,,194.396243,0,0,-27.066662,167.329581
2025-10-29,sw-pro-01,sw-pro-01,661100906716,,,,6719.502351,-759.27212,-709.430837,-284.2822,4966.517194
2025-10-29,tools-orion,tools-orion,131225299543,,,,2785.862116,-333.561881,0,-294.276126,2158.024109
2025-10-29,US-INST-02,us-inst-02,504675810214,,,,51.049839,-7.846754,-1.67729,-3.061285,38.46451
2025-10-28,bambulab,bambulab,322168702712,,,,3758.578698,-141.08104,-720,-150.67945,2746.818208
2025-10-28,68chat-prod,chat-prod-404613,731808937699,,,,3110.195996,0,-372.171445,-336.602885,2401.421666
2025-10-28,ffalcon-HW-01,ffalcon-hw-01,643550418219,,,,2625.799212,-245.372387,-649.73197,-100.832238,1629.862617
2025-10-28,kade,kade-poc,499036589398,,,,3.711456,0,0,-0.558911,3.152545
2025-10-28,lagofast-gcp,lagofast-gcp-429609,369988410061,,,,207.540604,0,0,-28.643207,178.897397
2025-10-28,sw-pro-01,sw-pro-01,661100906716,,,,6543.977297,-737.528837,-709.534801,-276.445636,4820.468023
2025-10-28,tools-orion,tools-orion,131225299543,,,,3380.209309,-410.758831,0,-356.334425,2613.116053
2025-10-28,US-INST-02,us-inst-02,504675810214,,,,50.998867,-7.843194,-1.614871,-3.062036,38.478766
2025-10-27,bambulab,bambulab,322168702712,,,,3625.075476,-130.563411,-720,-144.187511,2630.324554
2025-10-27,68chat-prod,chat-prod-404613,731808937699,,,,3117.462494,0,-371.699779,-337.57118,2408.191535
2025-10-27,ffalcon-HW-01,ffalcon-hw-01,643550418219,,,,2563.688158,-239.179524,-649.329916,-97.928195,1577.250523
2025-10-27,kade,kade-poc,499036589398,,,,3.709065,0,0,-0.553321,3.155744
2025-10-27,lagofast-gcp,lagofast-gcp-429609,369988410061,,,,206.62708,0,0,-28.533651,178.093429
2025-10-27,sw-pro-01,sw-pro-01,661100906716,,,,6417.173235,-58.456819,-783.987013,-5182.992539,391.736864
2025-10-27,tools-orion,tools-orion,131225299543,,,,4171.707384,-510.830578,0,-439.3055,3221.571306
2025-10-27,US-INST-02,us-inst-02,504675810214,,,,51.052613,-7.847262,-1.66811,-3.06183,38.475411
2025-10-26,bambulab,bambulab,322168702712,,,,2556.331244,-49.152098,-720,-94.058797,1693.120349
2025-10-26,68chat-prod,chat-prod-404613,731808937699,,,,3101.183044,0,-371.699837,-335.59071,2393.892497
2025-10-26,ffalcon-HW-01,ffalcon-hw-01,643550418219,,,,2638.710417,-246.667196,-649.641144,-101.49197,1640.910107
2025-10-26,kade,kade-poc,499036589398,,,,3.576176,0,0,-0.547957,3.028219
2025-10-26,lagofast-gcp,lagofast-gcp-429609,369988410061,,,,227.866393,0,0,-31.082247,196.784146
2025-10-26,sw-pro-01,sw-pro-01,661100906716,,,,6701.241889,-0.000054,-792.005568,-5909.236305,-0.000038
2025-10-26,tools-orion,tools-orion,131225299543,,,,3339.288926,-407.544373,0,-351.809852,2579.934701
2025-10-26,US-INST-02,us-inst-02,504675810214,,,,51.032862,-7.846451,-1.621488,-3.06325,38.501673
2025-10-25,bambulab,bambulab,322168702712,,,,2535.32651,-47.493717,-720,-93.096066,1674.736727
2025-10-25,68chat-prod,chat-prod-404613,731808937699,,,,3089.262662,0,-371.699894,-334.181653,2383.381115
2025-10-25,ffalcon-HW-01,ffalcon-hw-01,643550418219,,,,2636.930108,-246.488585,-649.648731,-101.485905,1639.306887
2025-10-25,kade,kade-poc,499036589398,,,,3.392995,0,0,-0.518046,2.874949
2025-10-25,lagofast-gcp,lagofast-gcp-429609,369988410061,,,,234.022864,0,0,-31.821473,202.201391
2025-10-25,sw-pro-01,sw-pro-01,661100906716,,,,5834.632329,-0.000049,-792.96855,-5041.663778,-0.000048
2025-10-25,tools-orion,tools-orion,131225299543,,,,3100.089141,-378.553556,0,-326.584404,2394.951181
2025-10-25,US-INST-02,us-inst-02,504675810214,,,,51.001926,-7.843326,-1.62244,-3.061747,38.474413
2025-10-24,bambulab,bambulab,322168702712,,,,2551.645474,-48.767127,-720,-93.81861,1689.059737
2025-10-24,68chat-prod,chat-prod-404613,731808937699,,,,3095.35851,0,-371.699803,-334.899557,2388.75915
2025-10-24,ffalcon-HW-01,ffalcon-hw-01,643550418219,,,,2647.555525,-247.552312,-649.634986,-101.89549,1648.472737
2025-10-24,kade,kade-poc,499036589398,,,,3.426569,0,0,-0.522071,2.904498
2025-10-24,lagofast-gcp,lagofast-gcp-429609,369988410061,,,,210.549662,0,0,-29.004343,181.545319
2025-10-24,sw-pro-01,sw-pro-01,661100906716,,,,6371.011891,-0.000049,-793.979785,-5577.032086,-0.000029
2025-10-24,tools-orion,tools-orion,131225299543,,,,2570.784307,-314.915345,0,-270.704189,1985.164773
2025-10-24,US-INST-02,us-inst-02,504675810214,,,,50.958874,-7.839002,-1.6239,-3.059777,38.436195
2025-10-23,bambulab,bambulab,322168702712,,,,3055.234985,-88.062842,-720,-117.007448,2130.164695
2025-10-23,68chat-prod,chat-prod-404613,731808937699,,,,3122.822822,0,-371.699784,-338.211664,2412.911374
2025-10-23,ffalcon-HW-01,ffalcon-hw-01,643550418219,,,,2582.436795,-241.040281,-649.628156,-98.937202,1592.831156
2025-10-23,kade,kade-poc,499036589398,,,,3.887981,0,0,-0.593281,3.2947
2025-10-23,lagofast-gcp,lagofast-gcp-429609,369988410061,,,,216.10475,0,0,-29.670637,186.434113
2025-10-23,sw-pro-01,sw-pro-01,661100906716,,,,6286.426999,-0.000053,-798.418418,-5488.008557,-0.000029
2025-10-23,tools-orion,tools-orion,131225299543,,,,2576.934348,-315.704204,0,-271.347609,1989.882535
2025-10-23,US-INST-02,us-inst-02,504675810214,,,,50.93842,-7.836674,-1.635995,-3.058265,38.407486
2025-10-22,bambulab,bambulab,322168702712,,,,2748.686513,-64.076784,-720,-102.685118,1861.924611
2025-10-22,68chat-prod,chat-prod-404613,731808937699,,,,3117.382658,0,-371.699846,-337.540375,2408.142437
2025-10-22,ffalcon-HW-01,ffalcon-hw-01,643550418219,,,,2592.849173,-242.076469,-649.731674,-99.518835,1601.522195
2025-10-22,kade,kade-poc,499036589398,,,,3.779962,0,0,-0.580361,3.199601
2025-10-22,lagofast-gcp,lagofast-gcp-429609,369988410061,,,,206.721132,0,0,-28.544984,178.176148
2025-10-22,sw-pro-01,sw-pro-01,661100906716,,,,6317.245254,-0.000056,-801.435986,-5515.809225,-0.000013
2025-10-22,tools-orion,tools-orion,131225299543,,,,2019.152337,-247.222146,0,-212.631562,1559.298629
2025-10-22,US-INST-02,us-inst-02,504675810214,,,,50.898139,-7.833194,-1.614298,-3.057518,38.393129
2025-10-21,bambulab,bambulab,322168702712,,,,2709.742785,-61.038553,-720,-100.866063,1827.838169
2025-10-21,68chat-prod,chat-prod-404613,731808937699,,,,3119.791653,0,-371.69977,-337.826638,2410.265245
2025-10-21,ffalcon-HW-01,ffalcon-hw-01,643550418219,,,,2577.805378,-240.583009,-649.499413,-98.7016,1589.021356
2025-10-21,kade,kade-poc,499036589398,,,,3.901817,0,0,-0.59496,3.306857
2025-10-21,lagofast-gcp,lagofast-gcp-429609,369988410061,,,,195.384448,0,0,-27.184663,168.199785
2025-10-21,sw-pro-01,sw-pro-01,661100906716,,,,5499.707364,-0.000037,-796.22083,-4703.48654,-0.000043
2025-10-21,tools-orion,tools-orion,131225299543,,,,2513.733769,-275.006316,0,-2180.180196,58.547257
2025-10-21,US-INST-02,us-inst-02,504675810214,,,,50.921123,-7.834498,-1.652963,-3.056671,38.376991
2025-10-20,bambulab,bambulab,322168702712,,,,2657.058326,-56.925457,-720,-98.447925,1781.684944
2025-10-20,68chat-prod,chat-prod-404613,731808937699,,,,3108.006576,0,-371.86191,-336.392684,2399.751982
2025-10-20,ffalcon-HW-01,ffalcon-hw-01,643550418219,,,,2584.180523,-241.214334,-649.660555,-99.142326,1594.163308
2025-10-20,kade,kade-poc,499036589398,,,,3.724709,0,0,-0.573683,3.151026
2025-10-20,lagofast-gcp,lagofast-gcp-429609,369988410061,,,,186.288376,0,0,-26.093178,160.195198
2025-10-20,sw-pro-01,sw-pro-01,661100906716,,,,6295.269661,-0.000052,-805.40782,-5489.861814,-0.000025
2025-10-20,tools-orion,tools-orion,131225299543,,,,1597.093224,-169.568103,0,-1427.525094,0.000027
2025-10-20,US-INST-02,us-inst-02,504675810214,,,,50.868946,-7.830387,-1.610025,-3.05643,38.372104
2025-10-19,bambulab,bambulab,322168702712,,,,2406.438279,-37.378779,-720,-86.703716,1562.355784
2025-10-19,68chat-prod,chat-prod-404613,731808937699,,,,3144.576504,0,-373.440941,-340.588951,2430.546612
2025-10-19,ffalcon-HW-01,ffalcon-hw-01,643550418219,,,,2642.362853,-247.029372,-649.742289,-101.759165,1643.832027
2025-10-19,kade,kade-poc,499036589398,,,,3.725405,0,0,-0.573805,3.1516
2025-10-19,lagofast-gcp,lagofast-gcp-429609,369988410061,,,,201.432157,0,0,-27.910279,173.521878
2025-10-19,sw-pro-01,sw-pro-01,661100906716,,,,5833.391792,-0.000045,-801.016527,-5032.375242,-0.000022
2025-10-19,tools-orion,tools-orion,131225299543,,,,1412.914044,-168.296891,0,-149.354503,1095.26265
2025-10-19,US-INST-02,us-inst-02,504675810214,,,,50.858972,-7.829241,-1.615052,-3.055715,38.358964
2025-10-18,bambulab,bambulab,322168702712,,,,2389.189634,-36.004145,-720,-85.930508,1547.254981
2025-10-18,68chat-prod,chat-prod-404613,731808937699,,,,3167.274888,0,-373.865931,-343.253872,2450.155085
2025-10-18,ffalcon-HW-01,ffalcon-hw-01,643550418219,,,,2632.428196,-246.033167,-649.804387,-101.350165,1635.240477
2025-10-18,kade,kade-poc,499036589398,,,,3.425141,0,0,-0.537741,2.8874
2025-10-18,lagofast-gcp,lagofast-gcp-429609,369988410061,,,,212.885824,0,0,-29.28533,183.600494
2025-10-18,sw-pro-01,sw-pro-01,661100906716,,,,5755.812918,-0.000047,-802.381677,-4953.431233,-0.000039
2025-10-18,tools-orion,tools-orion,131225299543,,,,1467.084106,-175.571523,0,-154.981918,1136.530665
2025-10-18,US-INST-02,us-inst-02,504675810214,,,,50.815827,-7.825066,-1.608658,-3.054084,38.328019
2025-10-17,bambulab,bambulab,322168702712,,,,2410.140035,-37.629179,-720,-86.871247,1565.639609
2025-10-17,68chat-prod,chat-prod-404613,731808937699,,,,3173.936376,0,-375.180454,-343.914453,2454.841469
2025-10-17,ffalcon-HW-01,ffalcon-hw-01,643550418219,,,,2615.222743,-244.313114,-649.806451,-100.598872,1620.504306
2025-10-17,kade,kade-poc,499036589398,,,,3.358556,0,0,-0.516553,2.842003
2025-10-17,lagofast-gcp,lagofast-gcp-429609,369988410061,,,,202.354466,0,0,-28.021018,174.333448
2025-10-17,sw-pro-01,sw-pro-01,661100906716,,,,5219.006765,-0.000047,-802.100578,-4416.906174,-0.000034
2025-10-17,tools-orion,tools-orion,131225299543,,,,1721.304699,-211.03535,0,-181.232412,1329.036937
2025-10-17,US-INST-02,us-inst-02,504675810214,,,,50.763693,-7.819939,-1.607122,-3.051819,38.284813
2025-10-16,bambulab,bambulab,322168702712,,,,2703.252892,-60.443671,-720,-100.558899,1822.250322
2025-10-16,68chat-prod,chat-prod-404613,731808937699,,,,3174.335634,0,-375.178445,-343.95451,2455.202679
2025-10-16,ffalcon-HW-01,ffalcon-hw-01,643550418219,,,,2591.104666,-241.903658,-649.772924,-99.512578,1599.915506
2025-10-16,kade,kade-poc,499036589398,,,,3.378135,0,0,-0.500422,2.877713
2025-10-16,lagofast-gcp,lagofast-gcp-429609,369988410061,,,,186.910709,0,0,-26.167967,160.742742
2025-10-16,sw-pro-01,sw-pro-01,661100906716,,,,4104.558864,-0.00003,-555.704021,-3405.22463,143.630183
2025-10-16,tools-orion,tools-orion,131225299543,,,,2213.710527,-273.433206,0,-232.83359,1707.443731
2025-10-16,US-INST-02,us-inst-02,504675810214,,,,50.715161,-7.815039,-1.609703,-3.04949,38.240929
2025-10-15,bambulab,bambulab,322168702712,,,,2702.69275,-60.382855,-720,-100.539928,1821.769967
2025-10-15,68chat-prod,chat-prod-404613,731808937699,,,,3203.423958,0,-375.316861,-347.426302,2480.680795
2025-10-15,ffalcon-HW-01,ffalcon-hw-01,643550418219,,,,2621.242458,-244.915019,-649.818624,-100.817907,1625.690908
2025-10-15,kade,kade-poc,499036589398,,,,4.658382,0,0,-0.664618,3.993764
2025-10-15,lagofast-gcp,lagofast-gcp-429609,369988410061,,,,180.881654,0,0,-25.444529,155.437125
2025-10-15,tools-orion,tools-orion,131225299543,,,,2495.173917,-305.8779,0,-262.715948,1926.580069
2025-10-15,US-INST-02,us-inst-02,504675810214,,,,50.7928,-7.822754,-1.609262,-3.053023,38.307761
2025-10-14,bambulab,bambulab,322168702712,,,,2809.212456,-69.84224,-720,-105.746562,1913.623654
2025-10-14,68chat-prod,chat-prod-404613,731808937699,,,,3172.210862,0,-376.465513,-343.491987,2452.253362
2025-10-14,ffalcon-HW-01,ffalcon-hw-01,643550418219,,,,2603.976573,-243.192284,-649.7498,-100.085232,1610.949257
2025-10-14,kade,kade-poc,499036589398,,,,5.904178,0,0,-0.816746,5.087432
2025-10-14,lagofast-gcp,lagofast-gcp-429609,369988410061,,,,178.812236,0,0,-25.196348,153.615888
2025-10-14,tools-orion,tools-orion,131225299543,,,,2936.789616,-362.02807,0,-308.97156,2265.789986
2025-10-14,US-INST-02,us-inst-02,504675810214,,,,51.003234,-7.843584,-1.618797,-3.061986,38.478867
2025-10-13,bambulab,bambulab,322168702712,,,,2333.204113,-36.063055,-720,-85.393328,1491.74773
2025-10-13,68chat-prod,chat-prod-404613,731808937699,,,,3135.374323,0,-377.650658,-338.923463,2418.800202
2025-10-13,ffalcon-HW-01,ffalcon-hw-01,643550418219,,,,2589.883563,-241.789776,-649.594837,-99.283997,1599.214953
2025-10-13,kade,kade-poc,499036589398,,,,3.92284,0,0,-0.578975,3.343865
2025-10-13,lagofast-gcp,lagofast-gcp-429609,369988410061,,,,183.313425,0,0,-25.736167,157.577258
2025-10-13,tools-orion,tools-orion,131225299543,,,,2828.208839,-351.32726,0,-297.225809,2179.65577
2025-10-13,US-INST-02,us-inst-02,504675810214,,,,51.069038,-7.84944,-1.647212,-3.063611,38.508775
2025-10-12,bambulab,bambulab,322168702712,,,,2219.858843,-27.00221,-720,-80.388043,1392.46859
2025-10-12,68chat-prod,chat-prod-404613,731808937699,,,,3008.94551,0,-377.554815,-323.758989,2307.631706
2025-10-12,ffalcon-HW-01,ffalcon-hw-01,643550418219,,,,2618.371261,-244.639635,-649.587222,-100.558613,1623.585791
2025-10-12,kade,kade-poc,499036589398,,,,3.39115,0,0,-0.528436,2.862714
2025-10-12,lagofast-gcp,lagofast-gcp-429609,369988410061,,,,203.643105,0,0,-28.175692,175.467413
2025-10-12,tools-orion,tools-orion,131225299543,,,,2441.049616,-304.04228,0,-256.441183,1880.566153
2025-10-12,US-INST-02,us-inst-02,504675810214,,,,51.183757,-7.860847,-1.649982,-3.068641,38.604287
2025-10-11,bambulab,bambulab,322168702712,,,,2189.13132,-24.538553,-720,-80.057928,1364.534839
2025-10-11,68chat-prod,chat-prod-404613,731808937699,,,,3008.412322,0,-371.288524,-324.454545,2312.669253
2025-10-11,ffalcon-HW-01,ffalcon-hw-01,643550418219,,,,2648.918945,-247.689964,-649.693018,-102.020505,1649.515458
2025-10-11,kade,kade-poc,499036589398,,,,3.26625,-0.060917,0,-0.496267,2.709066
2025-10-11,lagofast-gcp,lagofast-gcp-429609,369988410061,,,,209.799715,0,0,-28.914766,180.884949
2025-10-11,tools-orion,tools-orion,131225299543,,,,2419.186472,-299.830175,0,-254.323328,1865.032969
2025-10-11,US-INST-02,us-inst-02,504675810214,,,,51.146634,-7.857525,-1.634261,-3.067719,38.587129
2025-10-10,bambulab,bambulab,322168702712,,,,2191.376183,-24.741957,-720,-80.296885,1366.337341
2025-10-10,68chat-prod,chat-prod-404613,731808937699,,,,2994.227974,0,-371.288558,-322.757491,2300.181925
2025-10-10,ffalcon-HW-01,ffalcon-hw-01,643550418219,,,,2679.550623,-247.133134,-801.126417,-95.538862,1535.75221
2025-10-10,kade,kade-poc,499036589398,,,,3.662832,-0.306752,0,-0.519318,2.836762
2025-10-10,lagofast-gcp,lagofast-gcp-429609,369988410061,,,,192.947186,0,0,-26.892045,166.055141
2025-10-10,sw-pro-01,sw-pro-01,661100906716,,,,124.244143,-12.860752,-19.451476,-5.41092,86.520995
2025-10-10,tools-orion,tools-orion,131225299543,,,,2073.131689,-258.21047,0,-217.791448,1597.129771
2025-10-10,US-INST-02,us-inst-02,504675810214,,,,53.376848,-7.874495,-4.698532,-3.025204,37.778617
2025-10-09,bambulab,bambulab,322168702712,,,,2205.895917,-25.930821,-720,-81.131692,1378.833404
2025-10-09,68chat-prod,chat-prod-404613,731808937699,,,,2953.407502,0,-371.28663,-317.861821,2264.259051
2025-10-09,ffalcon-HW-01,ffalcon-hw-01,643550418219,,,,2629.645588,-242.111099,-801.77416,-93.416267,1492.344062
2025-10-09,kade,kade-poc,499036589398,,,,3.514538,-0.28415,0,-1.399763,1.830625
2025-10-09,lagofast-gcp,lagofast-gcp-429609,369988410061,,,,171.62299,0,0,-24.333194,147.289796
2025-10-09,sw-pro-01,sw-pro-01,661100906716,,,,5988.605082,-685.005368,-476.58315,-265.66287,4561.353694
2025-10-09,tools-orion,tools-orion,131225299543,,,,2498.439944,-313.80859,0,-262.155911,1922.475443
2025-10-09,US-INST-02,us-inst-02,504675810214,,,,53.323441,-7.869801,-4.670098,-3.024131,37.759411
2025-10-08,bambulab,bambulab,322168702712,,,,2205.641964,-25.936107,-720,-79.919306,1379.786551
2025-10-08,68chat-prod,chat-prod-404613,731808937699,,,,2970.876289,0,-373.423737,-319.701898,2277.750654
2025-10-08,ffalcon-HW-01,ffalcon-hw-01,643550418219,,,,2582.582632,-237.439223,-801.072316,-91.052204,1453.018889
2025-10-08,kade,kade-poc,499036589398,,,,3.809532,-0.293527,0,-3.516005,0
2025-10-08,lagofast-gcp,lagofast-gcp-429609,369988410061,,,,168.209991,0,0,-23.92357,144.286421
2025-10-08,sw-pro-01,sw-pro-01,661100906716,,,,4791.623222,-533.229051,-476.731087,-212.329496,3569.333588
2025-10-08,tools-orion,tools-orion,131225299543,,,,2141.054813,-268.512678,0,-224.705338,1647.836797
2025-10-08,US-INST-02,us-inst-02,504675810214,,,,53.331057,-7.869537,-4.71552,-3.022274,37.723726
2025-10-07,bambulab,bambulab,322168702712,,,,2201.666202,-25.62374,-720,-79.120453,1376.922009
2025-10-07,68chat-prod,chat-prod-404613,731808937699,,,,2951.917985,0,-380.346879,-1662.950572,908.620534
2025-10-07,ffalcon-HW-01,ffalcon-hw-01,643550418219,,,,2601.32879,-239.278368,-801.78373,-92.226239,1468.040453
2025-10-07,kade,kade-poc,499036589398,,,,3.826378,-0.294888,0,-3.53149,0
2025-10-07,lagofast-gcp,lagofast-gcp-429609,369988410061,,,,173.353094,0,0,-24.540749,148.812345
2025-10-07,sw-pro-01,sw-pro-01,661100906716,,,,4824.676281,-536.899509,-476.768822,-213.921242,3597.086708
2025-10-07,tools-orion,tools-orion,131225299543,,,,2278.733057,-296.228182,0,-237.90066,1744.604215
2025-10-07,US-INST-02,us-inst-02,504675810214,,,,53.293283,-7.866903,-4.664448,-3.023064,37.738868
2025-10-06,bambulab,bambulab,322168702712,,,,2196.481718,-25.206573,-720,-78.904107,1372.371038
2025-10-06,68chat-prod,chat-prod-404613,731808937699,,,,2964.053811,0,-380.365043,-2583.688765,0.000003
2025-10-06,ffalcon-HW-01,ffalcon-hw-01,643550418219,,,,2612.611812,-240.415766,-801.59307,-92.627564,1477.975412
2025-10-06,kade,kade-poc,499036589398,,,,3.844888,-0.295831,0,-3.549057,0
2025-10-06,lagofast-gcp,lagofast-gcp-429609,369988410061,,,,167.346191,0,0,-23.820068,143.526123
2025-10-06,sw-pro-01,sw-pro-01,661100906716,,,,4840.423045,-539.441068,-476.769312,-214.312638,3609.900027
2025-10-06,tools-orion,tools-orion,131225299543,,,,2039.69302,-265.15424,0,-212.945376,1561.593404
2025-10-06,US-INST-02,us-inst-02,504675810214,,,,53.288688,-7.866122,-4.678774,-3.022173,37.721619
2025-10-05,bambulab,bambulab,322168702712,,,,2192.129782,-24.878066,-720,-78.703478,1368.548238
2025-10-05,68chat-prod,chat-prod-404613,731808937699,,,,2966.647197,0,-380.365001,-2586.282267,-0.000071
2025-10-05,ffalcon-HW-01,ffalcon-hw-01,643550418219,,,,2622.197421,-241.376385,-801.522493,-93.003333,1486.29521
2025-10-05,kade,kade-poc,499036589398,,,,3.812019,-0.293353,0,-3.518666,-0
2025-10-05,lagofast-gcp,lagofast-gcp-429609,369988410061,,,,183.960466,0,0,-25.813913,158.146553
2025-10-05,sw-pro-01,sw-pro-01,661100906716,,,,6066.363753,-693.791285,-476.768622,-270.017551,4625.786295
2025-10-05,tools-orion,tools-orion,131225299543,,,,2280.69207,-296.482798,0,-238.105696,1746.103576
2025-10-05,US-INST-02,us-inst-02,504675810214,,,,53.2851,-7.86555,-4.688112,-3.02153,37.709908
2025-10-04,bambulab,bambulab,322168702712,,,,2185.218122,-24.263753,-720,-78.779961,1362.174408
2025-10-04,68chat-prod,chat-prod-404613,731808937699,,,,2953.172637,0,-380.365045,-2572.807628,-0.000036
2025-10-04,ffalcon-HW-01,ffalcon-hw-01,643550418219,,,,2646.616907,-243.799776,-801.898956,-94.184302,1506.733873
2025-10-04,kade,kade-poc,499036589398,,,,3.633219,-0.277622,0,-3.355597,0
2025-10-04,lagofast-gcp,lagofast-gcp-429609,369988410061,,,,185.911251,0,0,-26.048016,159.863235
2025-10-04,sw-pro-01,sw-pro-01,661100906716,,,,6368.592867,-734.046352,-476.768377,-282.82723,4874.950908
2025-10-04,tools-orion,tools-orion,131225299543,,,,2322.903088,-301.968962,0,-242.512334,1778.421792
2025-10-04,US-INST-02,us-inst-02,504675810214,,,,53.235822,-7.860995,-4.670292,-3.020252,37.684283
2025-10-03,bambulab,bambulab,322168702712,,,,2059.241655,-14.177313,-720,-72.86805,1252.196292
2025-10-03,68chat-prod,chat-prod-404613,731808937699,,,,2953.419164,0,-380.421146,-2572.997978,0.00004
2025-10-03,ffalcon-HW-01,ffalcon-hw-01,643550418219,,,,2635.639451,-242.826721,-799.305484,-93.16484,1500.342406
2025-10-03,kade,kade-poc,499036589398,,,,3.65631,-0.279457,0,-3.376853,-0
2025-10-03,lagofast-gcp,lagofast-gcp-429609,369988410061,,,,173.744996,0,0,-24.588034,149.156962
2025-10-03,sw-pro-01,sw-pro-01,661100906716,,,,5024.13508,-562.64788,-476.769221,-222.55593,3762.162049
2025-10-03,tools-orion,tools-orion,131225299543,,,,2519.153738,-327.480386,0,-263.00129,1928.672062
2025-10-03,US-INST-02,us-inst-02,504675810214,,,,53.288073,-7.863669,-4.788392,-3.016791,37.619221
2025-10-02,bambulab,bambulab,322168702712,,,,2031.033472,-11.920104,-720,-72.279408,1226.83396
2025-10-02,68chat-prod,chat-prod-404613,731808937699,,,,2969.079126,0,-381.060581,-2588.018593,-0.000048
2025-10-02,ffalcon-HW-01,ffalcon-hw-01,643550418219,,,,2592.501957,-238.570398,-798.118175,-90.903133,1464.910251
2025-10-02,kade,kade-poc,499036589398,,,,3.752377,-0.288181,0,-3.464196,0
2025-10-02,lagofast-gcp,lagofast-gcp-429609,369988410061,,,,168.783547,0,0,-23.992535,144.791012
2025-10-02,sw-pro-01,sw-pro-01,661100906716,,,,4850.379721,-540.165678,-476.768727,-214.96695,3618.478366
2025-10-02,tools-orion,tools-orion,131225299543,,,,2877.907761,-368.990495,0,-575.915597,1933.001669
2025-10-02,US-INST-02,us-inst-02,504675810214,,,,53.280163,-7.861628,-4.846334,-3.013631,37.55857
2025-10-01,bambulab,bambulab,322168702712,,,,2012.807906,-10.455844,-720,-71.910279,1210.441783
2025-10-01,68chat-prod,chat-prod-404613,731808937699,,,,2971.282084,0,-382.189837,-2589.09222,0.000027
2025-10-01,ffalcon-HW-01,ffalcon-hw-01,643550418219,,,,2590.316238,-238.351319,-798.107237,-90.797688,1463.059994
2025-10-01,kade,kade-poc,499036589398,,,,3.703253,-0.284955,0,-3.418298,0
2025-10-01,lagofast-gcp,lagofast-gcp-429609,369988410061,,,,167.486781,0,0,-23.836969,143.649812
2025-10-01,sw-pro-01,sw-pro-01,661100906716,,,,5266.331913,-594.212779,-476.767814,-234.254345,3961.096975
2025-10-01,tools-orion,tools-orion,131225299543,,,,3880.570103,-446.42794,0,-3434.142163,-0
2025-10-01,US-INST-02,us-inst-02,504675810214,,,,53.064823,-7.840054,-4.84701,-3.003868,37.373891
2025-09-30,bambulab,bambulab,322168702712,,,,2247.552112,-29.248713,-720,-81.275756,1417.027643
2025-09-30,68chat-prod,chat-prod-404613,731808937699,,,,3001.378478,0,-382.364721,-2619.013821,-0.000064
2025-09-30,ffalcon-HW-01,ffalcon-hw-01,643550418219,,,,2550.037571,-234.314733,-798.233567,-88.986895,1428.502376
2025-09-30,kade,kade-poc,499036589398,,,,5.664576,-0.462086,0,-5.20249,0
2025-09-30,lagofast-gcp,lagofast-gcp-429609,369988410061,,,,174.459832,0,0,-24.674068,149.785764
2025-09-30,sw-pro-01,sw-pro-01,661100906716,,,,5970.750589,-683.253522,-476.768165,-258.54854,4552.180362
2025-09-30,tools-orion,tools-orion,131225299543,,,,3741.87962,-486.433703,0,-390.653947,2864.79197
2025-09-30,US-INST-02,us-inst-02,504675810214,,,,53.332103,-7.8669,-4.841062,-3.016203,37.607938
2025-09-29,bambulab,bambulab,322168702712,,,,2492.7907,-48.909189,-720,-93.031894,1630.849617
2025-09-29,68chat-prod,chat-prod-404613,731808937699,,,,2913.918814,0,-382.806127,-2531.112711,-0.000024
2025-09-29,ffalcon-HW-01,ffalcon-hw-01,643550418219,,,,2583.65369,-234.500351,-781.449306,-89.216345,1478.487688
2025-09-29,kade,kade-poc,499036589398,,,,4.116628,-0.320468,0,-3.79616,0
2025-09-29,lagofast-gcp,lagofast-gcp-429609,369988410061,,,,173.386938,0,0,-24.545134,148.841804
2025-09-29,sw-pro-01,sw-pro-01,661100906716,,,,5797.310954,-663.251246,-476.768667,-250.057493,4407.233548
2025-09-29,tools-orion,tools-orion,131225299543,,,,3997.390178,-519.64542,0,-417.329773,3060.414985
2025-09-29,US-INST-02,us-inst-02,504675810214,,,,53.329592,-7.785519,-4.424444,-3.040568,38.079061
2025-09-28,bambulab,bambulab,322168702712,,,,2492.285218,-48.909334,-720,-93.009223,1630.366661
2025-09-28,68chat-prod,chat-prod-404613,731808937699,,,,2895.832697,0,-382.802112,-2513.030598,-0.000013
2025-09-28,ffalcon-HW-01,ffalcon-hw-01,643550418219,,,,2653.565169,-240.757585,-777.849255,-92.108311,1542.850018
2025-09-28,kade,kade-poc,499036589398,,,,3.853115,-0.296971,0,-3.556144,0
2025-09-28,lagofast-gcp,lagofast-gcp-429609,369988410061,,,,186.448779,0,0,-26.11233,160.336449
2025-09-28,sw-pro-01,sw-pro-01,661100906716,,,,6630.781851,-766.96494,-476.768501,-287.793257,5099.255153
2025-09-28,tools-orion,tools-orion,131225299543,,,,4314.509459,-560.86903,0,-450.437265,3303.203164
2025-09-28,US-INST-02,us-inst-02,504675810214,,,,53.601669,-7.786181,-4.77792,-3.03688,38.000688
2025-09-27,bambulab,bambulab,322168702712,,,,2458.565029,-46.213565,-720,-91.458005,1600.893459
2025-09-27,68chat-prod,chat-prod-404613,731808937699,,,,2895.67358,0,-382.806059,-2512.867494,0.000027
2025-09-27,ffalcon-HW-01,ffalcon-hw-01,643550418219,,,,2649.199399,-240.333544,-777.577322,-201.189134,1430.099399
2025-09-27,kade,kade-poc,499036589398,,,,3.84581,-0.296597,0,-3.549213,0
2025-09-27,lagofast-gcp,lagofast-gcp-429609,369988410061,,,,184.602704,0,0,-25.89075,158.711954
2025-09-27,sw-pro-01,sw-pro-01,661100906716,,,,5566.145577,-631.666324,-476.611213,-240.692428,4217.175612
2025-09-27,tools-orion,tools-orion,131225299543,,,,3536.580691,-459.730072,0,-369.222494,2707.628125
2025-09-27,US-INST-02,us-inst-02,504675810214,,,,53.565565,-7.782601,-4.77792,-5.832991,35.172053
2025-09-26,bambulab,bambulab,322168702712,,,,2431.350207,-44.133324,-720,-90.127856,1577.089027
2025-09-26,68chat-prod,chat-prod-404613,731808937699,,,,2865.301851,0,-382.335255,-2482.966553,0.000043
2025-09-26,ffalcon-HW-01,ffalcon-hw-01,643550418219,,,,2643.520136,-35.277181,-863.31817,-215.387132,1529.537653
2025-09-26,kade,kade-poc,499036589398,,,,3.757061,-0.288865,0,-3.468196,0
2025-09-26,lagofast-gcp,lagofast-gcp-429609,369988410061,,,,175.156922,0,0,-24.757042,150.39988
2025-09-26,sw-pro-01,sw-pro-01,661100906716,,,,4839.960226,-540.42183,-476.58393,-207.435303,3615.519163
2025-09-26,tools-orion,tools-orion,131225299543,,,,3667.14523,-476.711208,0,-382.852662,2807.58136
2025-09-26,US-INST-02,us-inst-02,504675810214,,,,53.923526,0,-5.3088,-6.847575,41.767151
2025-09-25,bambulab,bambulab,322168702712,,,,2204.733802,-26.061621,-720,-79.207658,1379.464523
2025-09-25,68chat-prod,chat-prod-404613,731808937699,,,,2875.780035,0,-383.231318,-2492.548701,0.000016
2025-09-25,ffalcon-HW-01,ffalcon-hw-01,643550418219,,,,2634.461231,-35.277151,-863.972721,-214.470748,1520.740611
2025-09-25,kade,kade-poc,499036589398,,,,4.206037,-0.329587,0,-3.87645,-0
2025-09-25,lagofast-gcp,lagofast-gcp-429609,369988410061,,,,176.179801,0,0,-24.880215,151.299586
2025-09-25,sw-pro-01,sw-pro-01,661100906716,,,,5115.118278,-574.70963,-476.582479,-220.343661,3843.482508
2025-09-25,tools-orion,tools-orion,131225299543,,,,3492.535826,-454.00806,0,-364.62381,2673.903956
2025-09-25,US-INST-02,us-inst-02,504675810214,,,,53.88355,0,-5.3088,-6.842772,41.731978
2025-09-24,bambulab,bambulab,322168702712,,,,2214.346847,-26.882096,-720,-79.647312,1387.817439
2025-09-24,68chat-prod,chat-prod-404613,731808937699,,,,2867.498841,0,-383.396634,-2484.10218,0.000027
2025-09-24,ffalcon-HW-01,ffalcon-hw-01,643550418219,,,,2729.471857,-35.277153,-864.7119,-225.771819,1603.710985
2025-09-24,kade,kade-poc,499036589398,,,,3.642681,-0.296783,0,-0.503644,2.842254
2025-09-24,lagofast-gcp,lagofast-gcp-429609,369988410061,,,,169.052973,0,0,-24.024517,145.028456
2025-09-24,sw-pro-01,sw-pro-01,661100906716,,,,5111.682764,-573.80593,-476.583,-219.998754,3841.29508
2025-09-24,tools-orion,tools-orion,131225299543,,,,3592.694227,-467.026645,0,-375.080424,2750.587158
2025-09-24,US-INST-02,us-inst-02,504675810214,,,,53.861193,0,-5.3088,-6.840077,41.712316
2025-09-23,bambulab,bambulab,322168702712,,,,2226.677427,-27.91418,-720,-80.209627,1398.55362
2025-09-23,68chat-prod,chat-prod-404613,731808937699,,,,2875.295674,0,-385.386958,-2489.908739,-0.000023
2025-09-23,ffalcon-HW-01,ffalcon-hw-01,643550418219,,,,2767.067023,-35.277156,-864.758253,-230.035429,1636.996185
2025-09-23,kade,kade-poc,499036589398,,,,3.793397,-0.309769,0,-0.507946,2.975682
2025-09-23,lagofast-gcp,lagofast-gcp-429609,369988410061,,,,164.730503,0,0,-23.505881,141.224622
2025-09-23,sw-pro-01,sw-pro-01,661100906716,,,,5058.907386,-568.188691,-476.583104,-217.33157,3796.804021
2025-09-23,tools-orion,tools-orion,131225299543,,,,3608.212447,-469.047805,0,-376.700094,2762.464548
2025-09-23,US-INST-02,us-inst-02,504675810214,,,,53.848428,0,-5.3088,-6.838545,41.701083
2025-09-22,bambulab,bambulab,322168702712,,,,2202.727236,-25.994966,-720,-79.110639,1377.621631
2025-09-22,68chat-prod,chat-prod-404613,731808937699,,,,2874.440319,0,-385.45132,-2488.988968,0.000031
2025-09-22,ffalcon-HW-01,ffalcon-hw-01,643550418219,,,,2751.144732,-275.459813,-762.910653,-178.217256,1534.55701
2025-09-22,kade,kade-poc,499036589398,,,,3.473929,-0.277882,0,-0.479286,2.716761
2025-09-22,lagofast-gcp,lagofast-gcp-429609,369988410061,,,,159.99309,0,0,-22.937529,137.055561
2025-09-22,sw-pro-01,sw-pro-01,661100906716,,,,5981.708264,-686.017761,-476.583069,-258.409396,4560.698038
2025-09-22,tools-orion,tools-orion,131225299543,,,,3447.167288,-448.114101,0,-359.886662,2639.166525
2025-09-22,US-INST-02,us-inst-02,504675810214,,,,53.52294,-7.70189,-4.884096,-5.047576,35.889378
2025-09-21,bambulab,bambulab,322168702712,,,,2186.708319,-24.697815,-720,-78.371974,1363.63853
2025-09-21,68chat-prod,chat-prod-404613,731808937699,,,,2858.549712,0,-386.124542,-2472.425175,-0.000005
2025-09-21,ffalcon-HW-01,ffalcon-hw-01,643550418219,,,,2619.374048,-275.405855,-780.501973,-168.471829,1394.994391
2025-09-21,kade,kade-poc,499036589398,,,,3.612177,-0.291733,0,-0.501074,2.81937
2025-09-21,lagofast-gcp,lagofast-gcp-429609,369988410061,,,,171.174216,0,0,-24.27907,146.895146
2025-09-21,sw-pro-01,sw-pro-01,661100906716,,,,5672.251024,-644.659822,-476.582836,-245.156772,4305.851594
2025-09-21,tools-orion,tools-orion,131225299543,,,,3538.078262,-411.748518,0,-2907.424039,218.905705
2025-09-21,US-INST-02,us-inst-02,504675810214,,,,53.322303,-7.8459,-5.069246,-4.994601,35.412556
2025-09-20,bambulab,bambulab,322168702712,,,,2182.807935,-24.35777,-720,-78.196566,1360.253599
2025-09-20,68chat-prod,chat-prod-404613,731808937699,,,,2858.154319,0,-386.225051,-2471.929133,0.000135
2025-09-20,ffalcon-HW-01,ffalcon-hw-01,643550418219,,,,2572.696587,-274.89115,-783.354951,-164.272662,1350.177824
2025-09-20,kade,kade-poc,499036589398,,,,3.451948,-0.277064,0,-0.469549,2.705335
2025-09-20,lagofast-gcp,lagofast-gcp-429609,369988410061,,,,178.155358,0,0,-25.117293,153.038065
2025-09-20,sw-pro-01,sw-pro-01,661100906716,,,,5439.580576,-614.788556,-476.583198,-234.423335,4113.785487
2025-09-20,tools-orion,tools-orion,131225299543,,,,3624.987882,-417.020153,0,-3207.967729,0
2025-09-20,US-INST-02,us-inst-02,504675810214,,,,53.274303,-7.856952,-4.755877,-5.020016,35.641458
2025-09-19,bambulab,bambulab,322168702712,,,,2194.872412,-25.323816,-720,-78.751488,1370.797108
2025-09-19,68chat-prod,chat-prod-404613,731808937699,,,,2882.64875,0,-386.776079,-2495.872721,-0.00005
2025-09-19,ffalcon-HW-01,ffalcon-hw-01,643550418219,,,,2542.319271,-269.325618,-783.31955,-161.670707,1328.003396
2025-09-19,kade,kade-poc,499036589398,,,,4.16402,-0.34484,0,-0.561615,3.257565
2025-09-19,lagofast-gcp,lagofast-gcp-429609,369988410061,,,,171.360836,0,0,-24.302031,147.058805
2025-09-19,sw-pro-01,sw-pro-01,661100906716,,,,5035.76407,-564.346499,-476.58358,-216.034437,3778.799554
2025-09-19,tools-orion,tools-orion,131225299543,,,,2834.397359,-368.458781,0,-295.912376,2170.026202
2025-09-19,US-INST-02,us-inst-02,504675810214,,,,53.216887,-7.852277,-4.7909,-5.011263,35.562447
2025-09-18,bambulab,bambulab,322168702712,,,,2199.473962,-25.695525,-720,-78.968225,1374.810212
2025-09-18,68chat-prod,chat-prod-404613,731808937699,,,,2898.020892,0,-386.841,-2511.179877,0.000015
2025-09-18,ffalcon-HW-01,ffalcon-hw-01,643550418219,,,,2543.079625,-270.011874,-783.353552,-161.808955,1327.905244
2025-09-18,kade,kade-poc,499036589398,,,,7.421495,-0.604696,0,-0.901177,5.915622
2025-09-18,lagofast-gcp,lagofast-gcp-429609,369988410061,,,,163.316741,0,0,-23.336451,139.98029
2025-09-18,sw-pro-01,sw-pro-01,661100906716,,,,5229.62475,-587.358219,-476.582765,-1900.185689,2265.498077
2025-09-18,tools-orion,tools-orion,131225299543,,,,2810.540512,-365.355288,0,-293.422206,2151.763018
2025-09-18,US-INST-02,us-inst-02,504675810214,,,,53.205314,-7.851562,-4.756947,-5.013529,35.583276
2025-09-17,bambulab,bambulab,322168702712,,,,2200.9222,-25.802137,-720,-79.030078,1376.089985
2025-09-17,68chat-prod,chat-prod-404613,731808937699,,,,2902.867822,0,-386.850204,-2516.017544,0.000074
2025-09-17,ffalcon-HW-01,ffalcon-hw-01,643550418219,,,,2518.988236,-267.814018,-783.349041,-159.567927,1308.25725
2025-09-17,kade,kade-poc,499036589398,,,,7.57985,-0.620191,0,-0.908106,6.051553
2025-09-17,lagofast-gcp,lagofast-gcp-429609,369988410061,,,,161.226183,0,0,-23.085932,138.140251
2025-09-17,sw-pro-01,sw-pro-01,661100906716,,,,5395.100809,-607.531837,-476.58238,-4310.986592,0
2025-09-17,tools-orion,tools-orion,131225299543,,,,2536.730956,-329.759005,0,-264.836383,1942.135568
2025-09-17,US-INST-02,us-inst-02,504675810214,,,,53.219207,-7.849728,-4.761346,-5.014666,35.593467
2025-09-16,bambulab,bambulab,322168702712,,,,2199.772132,-25.7129,-720,-78.977043,1375.082189
2025-09-16,68chat-prod,chat-prod-404613,731808937699,,,,2913.135112,0,-386.832189,-2526.302817,0.000106
2025-09-16,ffalcon-HW-01,ffalcon-hw-01,643550418219,,,,2486.956178,-263.86066,-783.315908,-156.519923,1283.259687
2025-09-16,kade,kade-poc,499036589398,,,,10.214429,-0.876634,0,-1.187595,8.1502
2025-09-16,lagofast-gcp,lagofast-gcp-429609,369988410061,,,,166.715689,0,0,-23.744552,142.971137
2025-09-16,sw-pro-01,sw-pro-01,661100906716,,,,4969.292944,-552.728337,-476.582176,-3939.982431,-0
2025-09-16,tools-orion,tools-orion,131225299543,,,,2351.070917,-305.620991,0,-245.454325,1799.995601
2025-09-16,US-INST-02,us-inst-02,504675810214,,,,53.238692,-7.8506,-4.794732,-5.013204,35.580156
2025-09-15,bambulab,bambulab,322168702712,,,,2199.498354,-25.675359,-720,-79.551822,1374.271173
2025-09-15,68chat-prod,chat-prod-404613,731808937699,,,,2904.28612,0,-386.801275,-2517.484769,0.000076
2025-09-15,ffalcon-HW-01,ffalcon-hw-01,643550418219,,,,2477.679479,-262.219861,-783.343697,-155.862768,1276.253153
2025-09-15,kade,kade-poc,499036589398,,,,7.398361,-0.606569,0,-0.888538,5.903254
2025-09-15,lagofast-gcp,lagofast-gcp-429609,369988410061,,,,157.22372,0,0,-22.605163,134.618557
2025-09-15,sw-pro-01,sw-pro-01,661100906716,,,,4768.014501,-528.352607,-476.583145,-3763.078749,-0
2025-09-15,tools-orion,tools-orion,131225299543,,,,1798.130626,-233.739046,0,-187.727389,1376.664191
2025-09-15,US-INST-02,us-inst-02,504675810214,,,,53.295181,-7.855498,-4.767027,-5.021106,35.65155
2025-09-14,bambulab,bambulab,322168702712,,,,2197.702027,-25.530897,-720,-79.607193,1372.563937
2025-09-14,68chat-prod,chat-prod-404613,731808937699,,,,2899.471595,0,-386.850362,-2512.621151,0.000082
2025-09-14,ffalcon-HW-01,ffalcon-hw-01,643550418219,,,,2496.441625,-264.478188,-783.317989,-157.396503,1291.248945
2025-09-14,kade,kade-poc,499036589398,,,,7.257807,-0.593291,0,-0.87615,5.788366
2025-09-14,lagofast-gcp,lagofast-gcp-429609,369988410061,,,,171.377675,0,0,-24.304162,147.073513
2025-09-14,sw-pro-01,sw-pro-01,661100906716,,,,5693.428307,-644.960034,-476.581851,-4571.886422,-0
2025-09-14,tools-orion,tools-orion,131225299543,,,,2110.805295,-274.385877,0,-220.370824,1616.048594
2025-09-14,US-INST-02,us-inst-02,504675810214,,,,53.336739,-7.858723,-4.792732,-5.022415,35.662869
2025-09-13,bambulab,bambulab,322168702712,,,,2187.989099,-24.735128,-720,-78.808922,1364.445049
2025-09-13,68chat-prod,chat-prod-404613,731808937699,,,,2899.800425,0,-386.849951,-309.54566,2203.404814
2025-09-13,ffalcon-HW-01,ffalcon-hw-01,643550418219,,,,2490.656722,-263.753793,-783.312103,-156.861292,1286.729534
2025-09-13,kade,kade-poc,499036589398,,,,6.296991,-0.499681,0,-0.787277,5.010033
2025-09-13,lagofast-gcp,lagofast-gcp-429609,369988410061,,,,185.281717,0,0,-25.972389,159.309328
2025-09-13,sw-pro-01,sw-pro-01,661100906716,,,,5622.358599,-635.669682,-476.582378,-4510.106539,-0
2025-09-13,tools-orion,tools-orion,131225299543,,,,2185.268119,-284.068895,0,-228.144284,1673.05494
2025-09-13,US-INST-02,us-inst-02,504675810214,,,,53.303868,-7.856178,-4.798598,-5.018765,35.630327
2025-09-12,bambulab,bambulab,322168702712,,,,2221.711821,-27.440421,-720,-81.041488,1393.229912
2025-09-12,68chat-prod,chat-prod-404613,731808937699,,,,2903.517539,0,-386.850425,-309.984234,2206.68288
2025-09-12,ffalcon-HW-01,ffalcon-hw-01,643550418219,,,,2490.964582,-264.252142,-783.29331,-156.772039,1286.647091
2025-09-12,kade,kade-poc,499036589398,,,,6.568186,-0.526085,0,-0.815774,5.226327
2025-09-12,lagofast-gcp,lagofast-gcp-429609,369988410061,,,,167.265385,0,0,-23.810031,143.455354
2025-09-12,sw-pro-01,sw-pro-01,661100906716,,,,4904.98825,-545.035206,-476.583653,-3883.369391,-0
2025-09-12,tools-orion,tools-orion,131225299543,,,,2130.699252,-276.97603,0,-222.446979,1631.276243
2025-09-12,US-INST-02,us-inst-02,504675810214,,,,53.350144,-7.859814,-4.817554,-5.021121,35.651655
2025-09-11,bambulab,bambulab,322168702712,,,,2478.933123,-48.011362,-720,-93.631681,1617.29008
2025-09-11,68chat-prod,chat-prod-404613,731808937699,,,,2929.984583,0,-387.432395,-313.108701,2229.443487
2025-09-11,ffalcon-HW-01,ffalcon-hw-01,643550418219,,,,2504.233526,-267.632616,-783.302503,-157.78972,1295.508687
2025-09-11,kade,kade-poc,499036589398,,,,7.130147,-0.580797,0,-0.872459,5.676891
2025-09-11,lagofast-gcp,lagofast-gcp-429609,369988410061,,,,167.551794,0,0,-23.844711,143.707083
2025-09-11,sw-pro-01,sw-pro-01,661100906716,,,,4891.008875,-543.544853,-476.583619,-215.8624,3655.018003
2025-09-11,tools-orion,tools-orion,131225299543,,,,2601.10704,-328.707048,0,-771.715211,1500.684781
2025-09-11,US-INST-02,us-inst-02,504675810214,,,,53.40936,-7.864639,-4.8084,-5.027523,35.708798
2025-09-10,bambulab,bambulab,322168702712,,,,2467.078508,-47.047806,-720,-93.321597,1606.709105
2025-09-10,68chat-prod,chat-prod-404613,731808937699,,,,2950.11269,0,-387.466656,-315.507025,2247.139009
2025-09-10,ffalcon-HW-01,ffalcon-hw-01,643550418219,,,,2529.276795,-269.766585,-783.326515,-160.192595,1315.9911
2025-09-10,kade,kade-poc,499036589398,,,,9.004703,-0.76381,0,-1.050096,7.190797
2025-09-10,lagofast-gcp,lagofast-gcp-429609,369988410061,,,,164.177148,0,0,-23.439802,140.737346
2025-09-10,sw-pro-01,sw-pro-01,661100906716,,,,5648.079416,-640.700203,-476.5832,-249.723002,4281.073011
2025-09-10,tools-orion,tools-orion,131225299543,,,,1870.591371,-215.185842,0,-1655.405529,0
2025-09-10,US-INST-02,us-inst-02,504675810214,,,,53.613184,-7.881269,-4.784371,-5.048605,35.898939
2025-09-09,bambulab,bambulab,322168702712,,,,2457.422963,-46.266153,-720,-91.798613,1599.358197
2025-09-09,68chat-prod,chat-prod-404613,731808937699,,,,2931.989922,0,-387.440159,-313.332448,2231.217315
2025-09-09,ffalcon-HW-01,ffalcon-hw-01,643550418219,,,,2558.34699,-272.355292,-783.358967,-163.003858,1339.628873
2025-09-09,kade,kade-poc,499036589398,,,,7.112496,-0.579678,0,-0.843808,5.68901
2025-09-09,lagofast-gcp,lagofast-gcp-429609,369988410061,,,,164.525722,0,0,-23.481538,141.044184
2025-09-09,sw-pro-01,sw-pro-01,661100906716,,,,8489.449398,-983.021719,-476.581883,-392.283922,6637.561874
2025-09-09,tools-orion,tools-orion,131225299543,,,,2179.483987,-251.315533,0,-1928.168479,-0.000025
2025-09-09,US-INST-02,us-inst-02,504675810214,,,,53.598078,-7.880321,-4.751852,-5.050431,35.915474
2025-09-08,bambulab,bambulab,322168702712,,,,2187.78539,-24.684588,-720,-79.317873,1363.782929
2025-09-08,68chat-prod,chat-prod-404613,731808937699,,,,2907.430194,0,-376.433916,-311.659319,2219.336959
2025-09-08,ffalcon-HW-01,ffalcon-hw-01,643550418219,,,,2506.519784,-265.85349,-783.362307,-158.548068,1298.755919
2025-09-08,kade,kade-poc,499036589398,,,,7.47076,-0.612751,0,-0.886552,5.971457
2025-09-08,lagofast-gcp,lagofast-gcp-429609,369988410061,,,,166.814386,0,0,-23.756263,143.058123
2025-09-08,sw-pro-01,sw-pro-01,661100906716,,,,4746.011582,-524.564406,-476.583298,-209.211223,3535.652655
2025-09-08,tools-orion,tools-orion,131225299543,,,,1628.634354,-187.357755,0,-1441.276599,0
2025-09-08,US-INST-02,us-inst-02,504675810214,,,,53.587584,-7.879481,-4.748312,-5.049831,35.90996
2025-09-07,bambulab,bambulab,322168702712,,,,2184.427875,-24.403202,-720,-79.432129,1360.592544
2025-09-07,68chat-prod,chat-prod-404613,731808937699,,,,2911.935702,0,-374.669614,-312.393375,2224.872713
2025-09-07,ffalcon-HW-01,ffalcon-hw-01,643550418219,,,,2519.37938,-270.338201,-783.375842,-159.391644,1306.273693
2025-09-07,kade,kade-poc,499036589398,,,,7.443295,-0.609366,0,-0.908036,5.925893
2025-09-07,lagofast-gcp,lagofast-gcp-429609,369988410061,,,,174.599579,0,0,-24.690488,149.909091
2025-09-07,sw-pro-01,sw-pro-01,661100906716,,,,5532.773924,-626.927267,-476.58336,-244.862043,4184.401254
2025-09-07,tools-orion,tools-orion,131225299543,,,,2269.030342,-261.023854,0,-2008.006488,0
2025-09-07,US-INST-02,us-inst-02,504675810214,,,,53.584325,-7.879283,-4.734888,-5.050885,35.919269
2025-09-06,bambulab,bambulab,322168702712,,,,2177.449948,-23.826674,-720,-78.010482,1355.612792
2025-09-06,68chat-prod,chat-prod-404613,731808937699,,,,2907.628637,0,-374.669594,-311.897209,2221.061834
2025-09-06,ffalcon-HW-01,ffalcon-hw-01,643550418219,,,,2523.289357,-269.124951,-783.393995,-160.038811,1310.7316
2025-09-06,kade,kade-poc,499036589398,,,,6.287377,-0.497491,0,-0.388684,5.401202
2025-09-06,lagofast-gcp,lagofast-gcp-429609,369988410061,,,,183.217374,0,0,-25.724775,157.492599
2025-09-06,sw-pro-01,sw-pro-01,661100906716,,,,5337.359847,-602.651647,-476.583849,-235.589791,4022.53456
2025-09-06,tools-orion,tools-orion,131225299543,,,,2546.176804,-292.912465,0,-2253.264339,0
2025-09-06,US-INST-02,us-inst-02,504675810214,,,,53.531775,-7.875357,-4.716729,-5.047805,35.891884
2025-09-05,bambulab,bambulab,322168702712,,,,2215.083288,-27.047085,-720,-79.736269,1388.299934
2025-09-05,68chat-prod,chat-prod-404613,731808937699,,,,2905.302836,0,-376.973386,-311.336182,2216.993268
2025-09-05,ffalcon-HW-01,ffalcon-hw-01,643550418219,,,,2509.545212,-267.565195,-783.362968,-158.629662,1299.987387
2025-09-05,kade,kade-poc,499036589398,,,,6.533911,-0.521941,0,-0.383714,5.628256
2025-09-05,lagofast-gcp,lagofast-gcp-429609,369988410061,,,,174.665151,0,0,-24.698228,149.966923
2025-09-05,sw-pro-01,sw-pro-01,661100906716,,,,5165.480493,-581.342877,-476.58357,-227.980201,3879.573845
2025-09-05,tools-orion,tools-orion,131225299543,,,,1604.648386,-184.596476,0,-1420.05191,0
2025-09-05,US-INST-02,us-inst-02,504675810214,,,,53.486285,-7.871749,-4.747885,-5.040513,35.826138
2025-09-04,bambulab,bambulab,322168702712,,,,2278.477969,-32.492983,-720,-83.197668,1442.787318
2025-09-04,68chat-prod,chat-prod-404613,731808937699,,,,2900.549268,0,-377.255838,-310.724351,2212.569079
2025-09-04,ffalcon-HW-01,ffalcon-hw-01,643550418219,,,,2529.563519,-273.78707,-783.366902,-160.013837,1312.39571
2025-09-04,kade,kade-poc,499036589398,,,,7.241937,-0.590418,0,-0.435757,6.215762
2025-09-04,lagofast-gcp,lagofast-gcp-429609,369988410061,,,,162.212914,0,0,-23.204308,139.008606
2025-09-04,sw-pro-01,sw-pro-01,661100906716,,,,9060.08558,-1053.474486,-476.580586,-418.477659,7111.552849
2025-09-04,tools-orion,tools-orion,131225299543,,,,1324.978966,-152.420165,0,-1172.558801,0
2025-09-04,US-INST-02,us-inst-02,504675810214,,,,53.441803,-7.8682,-4.744343,-5.036863,35.792397
2025-09-03,bambulab,bambulab,322168702712,,,,2168.318391,-23.663005,-720,-77.951998,1346.703388
2025-09-03,68chat-prod,chat-prod-404613,731808937699,,,,2906.131211,0,-377.233995,-311.404256,2217.49296
2025-09-03,ffalcon-HW-01,ffalcon-hw-01,643550418219,,,,2596.934576,-280.361419,-783.382918,-166.171537,1367.018702
2025-09-03,kade,kade-poc,499036589398,,,,7.020992,-0.570001,0,-0.402425,6.048566
2025-09-03,lagofast-gcp,lagofast-gcp-429609,369988410061,,,,162.954666,0,0,-23.293474,139.661192
2025-09-03,sw-pro-01,sw-pro-01,661100906716,,,,7159.695121,-819.437773,-476.58106,-323.637327,5540.038961
2025-09-03,tools-orion,tools-orion,131225299543,,,,1701.069826,-195.687485,0,-1505.382341,0
2025-09-03,US-INST-02,us-inst-02,504675810214,,,,53.387142,-7.863993,-4.72794,-5.033371,35.761838
2025-09-02,bambulab,bambulab,322168702712,,,,2118.547361,-19.681786,-720,-75.431825,1303.43375
2025-09-02,68chat-prod,chat-prod-404613,731808937699,,,,2929.812444,0,-377.259066,-314.250999,2238.302379
2025-09-02,ffalcon-HW-01,ffalcon-hw-01,643550418219,,,,2556.869607,-276.488332,-783.306196,-162.251949,1334.82313
2025-09-02,kade,kade-poc,499036589398,,,,4.356882,-0.368628,0,-0.295925,3.692329
2025-09-02,lagofast-gcp,lagofast-gcp-429609,369988410061,,,,165.547595,0,0,-23.604344,141.943251
2025-09-02,sw-pro-01,sw-pro-01,661100906716,,,,5956.109964,-675.976785,-476.582304,-261.073081,4542.477794
2025-09-02,tools-orion,tools-orion,131225299543,,,,1281.406519,-147.41452,0,-1133.991999,-0
2025-09-02,US-INST-02,us-inst-02,504675810214,,,,53.414492,-7.865724,-4.804453,-5.028274,35.716041
2025-09-01,bambulab,bambulab,322168702712,,,,2102.518449,-18.392249,-720,-74.787967,1289.338233
2025-09-01,68chat-prod,chat-prod-404613,731808937699,,,,2909.115432,0,-377.111332,-311.75371,2220.25039
2025-09-01,ffalcon-HW-01,ffalcon-hw-01,643550418219,,,,2592.929731,-260.232848,-783.367189,-167.638778,1381.690916
2025-09-01,kade,kade-poc,499036589398,,,,4.54632,-0.372245,0,-0.294458,3.879617
2025-09-01,lagofast-gcp,lagofast-gcp-429609,369988410061,,,,162.319469,0,0,-23.21666,139.102809
2025-09-01,sw-pro-01,sw-pro-01,661100906716,,,,6213.177249,-708.247834,-476.582606,-272.642547,4755.704262
2025-09-01,tools-orion,tools-orion,131225299543,,,,1281.719502,-147.444844,0,-1134.274658,-0
2025-09-01,US-INST-02,us-inst-02,504675810214,,,,53.039489,-7.743223,-4.743615,-5.009121,35.54353
2025-08-31,bambulab,bambulab,322168702712,,,,2274.209585,-32.092396,-720,-82.434956,1439.682233
2025-08-31,68chat-prod,chat-prod-404613,731808937699,,,,2904.891084,0,-377.102391,-311.242108,2216.546585
2025-08-31,ffalcon-HW-01,ffalcon-hw-01,643550418219,,,,2490.868394,-270.144668,-783.402967,-156.65901,1280.661749
2025-08-31,kade,kade-poc,499036589398,,,,5.495658,-0.461111,0,-0.354591,4.679956
2025-08-31,lagofast-gcp,lagofast-gcp-429609,369988410061,,,,178.15504,0,0,-25.116999,153.038041
2025-08-31,sw-pro-01,sw-pro-01,661100906716,,,,6123.724747,-695.698267,-476.581272,-270.205415,4681.239793
2025-08-31,tools-orion,tools-orion,131225299543,,,,1003.501434,-115.441641,0,-888.059793,0
2025-08-31,US-INST-02,us-inst-02,504675810214,,,,53.068171,-7.838774,-4.707876,-5.006009,35.515512
2025-08-30,bambulab,bambulab,322168702712,,,,2268.759173,-31.638781,-720,-82.193013,1434.927379
2025-08-30,68chat-prod,chat-prod-404613,731808937699,,,,2887.678667,0,-377.10234,-309.187455,2201.388872
2025-08-30,ffalcon-HW-01,ffalcon-hw-01,643550418219,,,,2500.116683,-271.610686,-783.387412,-157.341861,1287.776724
2025-08-30,kade,kade-poc,499036589398,,,,4.46084,-0.360381,0,-0.317105,3.783354
2025-08-30,lagofast-gcp,lagofast-gcp-429609,369988410061,,,,181.057877,0,0,-25.465719,155.592158
2025-08-30,sw-pro-01,sw-pro-01,661100906716,,,,5899.028989,-668.85772,-476.581779,-258.968113,4494.621377
2025-08-30,tools-orion,tools-orion,131225299543,,,,1209.724257,-139.167925,0,-1070.556332,0
2025-08-30,US-INST-02,us-inst-02,504675810214,,,,53.066251,-7.838577,-4.723332,-5.004306,35.500036
2025-08-29,bambulab,bambulab,322168702712,,,,2280.636217,-32.581661,-720,-82.742373,1445.312183
2025-08-29,68chat-prod,chat-prod-404613,731808937699,,,,2894.088895,0,-377.10218,-309.951559,2207.035156
2025-08-29,ffalcon-HW-01,ffalcon-hw-01,643550418219,,,,2509.201457,-269.846241,-783.342645,-158.237528,1297.775043
2025-08-29,kade,kade-poc,499036589398,,,,4.940151,-0.407008,0,-0.33812,4.195023
2025-08-29,lagofast-gcp,lagofast-gcp-429609,369988410061,,,,176.523985,0,0,-24.921732,151.602253
2025-08-29,sw-pro-01,sw-pro-01,661100906716,,,,6026.350035,-686.478183,-476.582732,-263.844526,4599.444594
2025-08-29,tools-orion,tools-orion,131225299543,,,,993.599442,-114.30353,0,-879.295912,0
2025-08-29,US-INST-02,us-inst-02,504675810214,,,,53.115674,-7.842277,-4.768223,-5.004415,35.500759
2025-08-28,bambulab,bambulab,322168702712,,,,2595.969872,-57.819901,-720,-97.865925,1720.284046
2025-08-28,68chat-prod,chat-prod-404613,731808937699,,,,2888.516188,0,-377.10228,-309.285051,2202.128857
2025-08-28,ffalcon-HW-01,ffalcon-hw-01,643550418219,,,,2452.757331,-266.577495,-783.340251,-152.972572,1249.867013
2025-08-28,kade,kade-poc,499036589398,,,,5.130861,-0.425762,0,-0.33859,4.366509
2025-08-28,lagofast-gcp,lagofast-gcp-429609,369988410061,,,,167.267167,0,0,-23.810842,143.456325
2025-08-28,sw-pro-01,sw-pro-01,661100906716,,,,6235.726336,-715.763414,-476.581869,-273.046808,4770.334245
2025-08-28,tools-orion,tools-orion,131225299543,,,,1246.600208,-162.053364,0,-130.145641,954.401203
2025-08-28,US-INST-02,us-inst-02,504675810214,,,,53.123832,-7.842958,-4.769803,-5.004971,35.5061
2025-08-27,bambulab,bambulab,322168702712,,,,2548.218284,-53.986713,-720,-95.607041,1678.62453
2025-08-27,68chat-prod,chat-prod-404613,731808937699,,,,2881.72785,0,-379.220356,-308.216306,2194.291188
2025-08-27,ffalcon-HW-01,ffalcon-hw-01,643550418219,,,,2448.809584,-266.608367,-783.339179,-152.47284,1246.389198
2025-08-27,kade,kade-poc,499036589398,,,,5.112358,-0.42379,0,-0.345663,4.342905
2025-08-27,lagofast-gcp,lagofast-gcp-429609,369988410061,,,,163.013557,0,0,-23.30007,139.713487
2025-08-27,sw-pro-01,sw-pro-01,661100906716,,,,5815.043881,-669.5086,-476.5829,-255.093841,4413.85854
2025-08-27,tools-orion,tools-orion,131225299543,,,,925.522678,-119.371377,0,-157.699573,648.451728
2025-08-27,US-INST-02,us-inst-02,504675810214,,,,53.103816,-7.841588,-4.771594,-5.00289,35.487744
2025-08-26,bambulab,bambulab,322168702712,,,,2696.726521,-65.877824,-720,-102.689611,1808.159086
2025-08-26,68chat-prod,chat-prod-404613,731808937699,,,,2892.525736,0,-380.910571,-309.325709,2202.289456
2025-08-26,ffalcon-HW-01,ffalcon-hw-01,643550418219,,,,2390.292337,-259.769093,-783.305718,-147.15699,1200.060536
2025-08-26,kade,kade-poc,499036589398,,,,5.215604,-0.434063,0,-0.339693,4.441848
2025-08-26,lagofast-gcp,lagofast-gcp-429609,369988410061,,,,167.641612,0,0,-23.85552,143.786092
2025-08-26,sw-pro-01,sw-pro-01,661100906716,,,,4715.809214,-529.68382,-476.583139,-205.461957,3504.080298
2025-08-26,tools-orion,tools-orion,131225299543,,,,1105.956954,-127.226642,0,-978.730312,0
2025-08-26,US-INST-02,us-inst-02,504675810214,,,,53.206809,-7.84972,-4.804985,-5.009028,35.543076
2025-08-25,bambulab,bambulab,322168702712,,,,2266.386249,-31.406541,-720,-82.148919,1432.830789
2025-08-25,68chat-prod,chat-prod-404613,731808937699,,,,2896.341795,0,-381.313666,-309.734471,2205.293658
2025-08-25,ffalcon-HW-01,ffalcon-hw-01,643550418219,,,,2327.784201,-254.431315,-783.256864,-141.303129,1148.792893
2025-08-25,kade,kade-poc,499036589398,,,,5.989601,-0.491908,0,-0.371838,5.125855
2025-08-25,lagofast-gcp,lagofast-gcp-429609,369988410061,,,,163.471646,0,0,-23.354852,140.116794
2025-08-25,sw-pro-01,sw-pro-01,661100906716,,,,6231.759516,-572.162347,-480.797609,-4310.053828,868.745732
2025-08-25,tools-orion,tools-orion,131225299543,,,,1539.547308,-177.10898,0,-1362.438328,0
2025-08-25,US-INST-02,us-inst-02,504675810214,,,,53.354294,-7.861798,-4.854112,-5.017663,35.620721
2025-08-24,bambulab,bambulab,322168702712,,,,2260.294556,-30.915045,-720,-81.876757,1427.502754
2025-08-24,68chat-prod,chat-prod-404613,731808937699,,,,2884.341754,0,-381.214309,-308.303985,2194.82346
2025-08-24,ffalcon-HW-01,ffalcon-hw-01,643550418219,,,,2447.697301,-268.639548,-783.396797,-152.612258,1243.048698
2025-08-24,kade,kade-poc,499036589398,,,,10.529793,-0.849907,0,-0.590595,9.089291
2025-08-24,lagofast-gcp,lagofast-gcp-429609,369988410061,,,,163.195313,0,0,-23.322017,139.873296
2025-08-24,sw-pro-01,sw-pro-01,661100906716,,,,5871.978185,-508.124259,-481.937488,-4881.916386,0.000052
2025-08-24,tools-orion,tools-orion,131225299543,,,,1106.313315,-127.268731,0,-979.044584,0
2025-08-24,US-INST-02,us-inst-02,504675810214,,,,53.279098,-7.856722,-4.714077,-5.024632,35.683667
2025-08-23,bambulab,bambulab,322168702712,,,,2255.497893,-30.543063,-720,-81.658145,1423.296685
2025-08-23,68chat-prod,chat-prod-404613,731808937699,,,,2887.512252,0,-382.977362,-308.462546,2196.072344
2025-08-23,ffalcon-HW-01,ffalcon-hw-01,643550418219,,,,2488.779912,-272.882324,-783.409406,-156.357143,1276.131039
2025-08-23,kade,kade-poc,499036589398,,,,859.135124,-0.783562,0,-0.557358,857.794204
2025-08-23,lagofast-gcp,lagofast-gcp-429609,369988410061,,,,163.196459,0,0,-23.322227,139.874232
2025-08-23,sw-pro-01,sw-pro-01,661100906716,,,,5813.990551,-502.832716,-481.937674,-4829.220094,0.000067
2025-08-23,tools-orion,tools-orion,131225299543,,,,1090.549253,-125.454342,0,-965.094911,0
2025-08-23,US-INST-02,us-inst-02,504675810214,,,,53.251383,-7.854872,-4.701366,-5.02334,35.671805
2025-08-22,bambulab,bambulab,322168702712,,,,2347.585529,-37.797858,-720,-85.952264,1503.835407
2025-08-22,68chat-prod,chat-prod-404613,731808937699,,,,2896.322971,0,-383.583031,-309.468037,2203.271903
2025-08-22,ffalcon-HW-01,ffalcon-hw-01,643550418219,,,,2523.038806,-275.400717,-783.450907,-159.663611,1304.523571
2025-08-22,kade,kade-poc,499036589398,,,,901.283541,-0.875654,0,-0.599127,899.80876
2025-08-22,lagofast-gcp,lagofast-gcp-429609,369988410061,,,,168.093998,0,0,-23.909488,144.18451
2025-08-22,sw-pro-01,sw-pro-01,661100906716,,,,6345.535929,-550.717532,-481.937481,-5312.880843,0.000073
2025-08-22,tools-orion,tools-orion,131225299543,,,,1127.111817,-129.658564,0,-997.453253,0
2025-08-22,US-INST-02,us-inst-02,504675810214,,,,53.179961,-7.849536,-4.659679,-5.020966,35.64978
2025-08-21,bambulab,bambulab,322168702712,,,,3161.113805,-91.607258,-720,-2288.232459,61.274088
2025-08-21,68chat-prod,chat-prod-404613,731808937699,,,,2888.666698,0,-383.86091,-308.500129,2196.305659
2025-08-21,ffalcon-HW-01,ffalcon-hw-01,643550418219,,,,2583.594074,-281.858126,-783.455836,-165.132468,1353.147644
2025-08-21,kade,kade-poc,499036589398,,,,911.159276,-0.870949,0,-0.581124,909.707203
2025-08-21,lagofast-gcp,lagofast-gcp-429609,369988410061,,,,156.535678,0,0,-22.523059,134.012619
2025-08-21,sw-pro-01,sw-pro-01,661100906716,,,,5176.123892,-444.442492,-481.937953,-4249.74337,0.000077
2025-08-21,tools-orion,tools-orion,131225299543,,,,1108.588726,-127.529405,0,-981.059321,-0
2025-08-21,US-INST-02,us-inst-02,504675810214,,,,53.148589,-7.84703,-4.654869,-5.018566,35.628124
2025-08-20,bambulab,bambulab,322168702712,,,,2364.069616,-33.066618,-720,-1611.002998,0
2025-08-20,68chat-prod,chat-prod-404613,731808937699,,,,2902.651452,0,-383.863459,-310.186168,2208.601825
2025-08-20,ffalcon-HW-01,ffalcon-hw-01,643550418219,,,,2575.648282,-282.246765,-783.479572,-164.589864,1345.332081
2025-08-20,kade,kade-poc,499036589398,,,,949.951324,-0.883824,0,-0.641131,948.426369
2025-08-20,lagofast-gcp,lagofast-gcp-429609,369988410061,,,,149.242293,0,0,-21.647351,127.594942
2025-08-20,sw-pro-01,sw-pro-01,661100906716,,,,6592.82027,-573.454565,-481.937255,-5537.428373,0.000077
2025-08-20,tools-orion,tools-orion,131225299543,,,,806.563268,-92.783255,0,-713.780013,-0
2025-08-20,US-INST-02,us-inst-02,504675810214,,,,53.119242,-7.844826,-4.62711,-5.018612,35.628694
2025-08-19,bambulab,bambulab,322168702712,,,,2623.263227,-52.134329,-720,-1851.128898,0
2025-08-19,68chat-prod,chat-prod-404613,731808937699,,,,2901.872598,0,-383.86361,-310.098324,2207.910664
2025-08-19,ffalcon-HW-01,ffalcon-hw-01,643550418219,,,,2554.791953,-277.702858,-783.440922,-162.418472,1331.229701
2025-08-19,kade,kade-poc,499036589398,,,,833.795229,-0.923606,0,-0.63135,832.240273
2025-08-19,lagofast-gcp,lagofast-gcp-429609,369988410061,,,,153.751672,0,0,-22.188871,131.562801
2025-08-19,sw-pro-01,sw-pro-01,661100906716,,,,5440.167342,-468.702686,-481.936942,-4489.527629,0.000085
2025-08-19,tools-orion,tools-orion,131225299543,,,,493.356493,-64.128803,0,-21.461176,407.766514
2025-08-19,US-INST-02,us-inst-02,504675810214,,,,53.117084,-7.844462,-4.66973,-5.014168,35.588724
2025-08-18,bambulab,bambulab,322168702712,,,,2332.401588,-30.671728,-720,-1581.72986,-0
2025-08-18,68chat-prod,chat-prod-404613,731808937699,,,,2894.76761,0,-383.870739,-309.228879,2201.667992
2025-08-18,ffalcon-HW-01,ffalcon-hw-01,643550418219,,,,2523.891533,-274.148171,-783.426787,-159.608232,1306.708343
2025-08-18,kade,kade-poc,499036589398,,,,354.528451,-0.946199,0,-0.64186,352.940392
2025-08-18,lagofast-gcp,lagofast-gcp-429609,369988410061,,,,152.374203,0,0,-22.023242,130.350961
2025-08-18,sw-pro-01,sw-pro-01,661100906716,,,,4907.586782,-419.832223,-481.937823,-4005.816672,0.000064
2025-08-18,tools-orion,tools-orion,131225299543,,,,455.448149,-59.203511,0,-19.812214,376.432424
2025-08-18,US-INST-02,us-inst-02,504675810214,,,,53.116474,-7.844492,-4.683879,-5.01268,35.575423
2025-08-17,bambulab,bambulab,322168702712,,,,2324.327633,-30.002976,-720,-1574.324657,0
2025-08-17,68chat-prod,chat-prod-404613,731808937699,,,,2891.159659,0,-384.184072,-308.773336,2198.202251
2025-08-17,ffalcon-HW-01,ffalcon-hw-01,643550418219,,,,2576.691049,-279.823808,-783.436185,-164.359505,1349.071551
2025-08-17,kade,kade-poc,499036589398,,,,176.811602,-0.843314,0,-0.595317,175.372971
2025-08-17,lagofast-gcp,lagofast-gcp-429609,369988410061,,,,167.639462,0,0,-23.855401,143.784061
2025-08-17,sw-pro-01,sw-pro-01,661100906716,,,,5376.546757,-462.799756,-481.938049,-4431.808893,0.000059
2025-08-17,tools-orion,tools-orion,131225299543,,,,386.251064,-50.211916,0,-16.801891,319.237257
2025-08-17,US-INST-02,us-inst-02,504675810214,,,,53.195931,-7.850961,-4.674548,-5.020848,35.649574
2025-08-16,bambulab,bambulab,322168702712,,,,2320.944364,-29.733781,-720,-1571.210583,-0
2025-08-16,68chat-prod,chat-prod-404613,731808937699,,,,2890.151361,0,-384.188234,-308.639537,2197.32359
2025-08-16,ffalcon-HW-01,ffalcon-hw-01,643550418219,,,,2553.8794,-278.154861,-783.432831,-162.243004,1330.048704
2025-08-16,kade,kade-poc,499036589398,,,,112.068193,-0.754441,0,-0.555253,110.758499
2025-08-16,lagofast-gcp,lagofast-gcp-429609,369988410061,,,,171.681575,0,0,-24.340363,147.341212
2025-08-16,sw-pro-01,sw-pro-01,661100906716,,,,5426.679877,-467.543215,-481.93705,-4477.199536,0.000076
2025-08-16,tools-orion,tools-orion,131225299543,,,,380.441521,-49.456928,0,-16.549169,314.435424
2025-08-16,US-INST-02,us-inst-02,504675810214,,,,53.179992,-7.849655,-4.677823,-5.01909,35.633424
2025-08-15,bambulab,bambulab,322168702712,,,,2378.7198,-34.011401,-720,-1624.708399,-0
2025-08-15,68chat-prod,chat-prod-404613,731808937699,,,,2901.310718,0,-384.183881,-309.994691,2207.132146
2025-08-15,ffalcon-HW-01,ffalcon-hw-01,643550418219,,,,2532.040233,-274.606377,-783.407285,-160.274983,1313.751588
2025-08-15,kade,kade-poc,499036589398,,,,80.864734,-0.802585,0,-0.576949,79.4852
2025-08-15,lagofast-gcp,lagofast-gcp-429609,369988410061,,,,168.555791,0,0,-23.965346,144.590445
2025-08-15,sw-pro-01,sw-pro-01,661100906716,,,,5085.331542,-436.064629,-481.937945,-4167.328905,0.000063
2025-08-15,tools-orion,tools-orion,131225299543,,,,393.539118,-51.159166,0,-17.118943,325.261009
2025-08-15,US-INST-02,us-inst-02,504675810214,,,,53.330432,-7.8618,-4.703318,-5.030382,35.734932
2025-08-14,bambulab,bambulab,322168702712,,,,2592.00952,-49.760038,-720,-1822.249482,-0
2025-08-14,68chat-prod,chat-prod-404613,731808937699,,,,2896.477016,0,-384.186975,-309.408939,2202.881102
2025-08-14,ffalcon-HW-01,ffalcon-hw-01,643550418219,,,,2589.641965,-280.168853,-783.446131,-165.589212,1360.437769
2025-08-14,kade,kade-poc,499036589398,,,,87.366007,-0.771248,0,-0.562879,86.03188
2025-08-14,lagofast-gcp,lagofast-gcp-429609,369988410061,,,,163.746286,0,0,-23.388006,140.35828
2025-08-14,sw-pro-01,sw-pro-01,661100906716,,,,8935.264381,-784.89006,-481.938875,-7668.435371,0.000075
2025-08-14,tools-orion,tools-orion,131225299543,,,,430.428399,-55.954091,0,-18.723358,355.75095
2025-08-14,US-INST-02,us-inst-02,504675810214,,,,53.351342,-7.863687,-4.664565,-5.036176,35.786914
2025-08-13,bambulab,bambulab,322168702712,,,,2311.018504,-29.02093,-720,-1561.997574,0
2025-08-13,68chat-prod,chat-prod-404613,731808937699,,,,2887.227666,0,-384.363642,-308.272396,2194.591628
2025-08-13,ffalcon-HW-01,ffalcon-hw-01,643550418219,,,,2513.646691,-271.597507,-783.365496,-158.601518,1300.08217
2025-08-13,kade,kade-poc,499036589398,,,,63.574893,-0.988075,0,-0.660567,61.926251
2025-08-13,lagofast-gcp,lagofast-gcp-429609,369988410061,,,,154.119735,0,0,-22.232737,131.886998
2025-08-13,sw-pro-01,sw-pro-01,661100906716,,,,7398.672663,-646.224633,-481.937363,-6270.510609,0.000058
2025-08-13,tools-orion,tools-orion,131225299543,,,,439.9918,-57.195343,0,-19.139758,363.656699
2025-08-13,US-INST-02,us-inst-02,504675810214,,,,53.387216,-7.866397,-4.745142,-5.031443,35.744234
2025-08-12,bambulab,bambulab,322168702712,,,,2310.322514,-28.933692,-720,-1561.388822,0
2025-08-12,68chat-prod,chat-prod-404613,731808937699,,,,2890.670918,0,-388.058526,-308.261028,2194.351364
2025-08-12,ffalcon-HW-01,ffalcon-hw-01,643550418219,,,,2490.300175,-268.031014,-783.427531,-157.009848,1281.831782
2025-08-12,kade,kade-poc,499036589398,,,,38.834513,-0.88027,0,-0.612025,37.342218
2025-08-12,lagofast-gcp,lagofast-gcp-429609,369988410061,,,,153.694048,0,0,-22.181422,131.512626
2025-08-12,sw-pro-01,sw-pro-01,661100906716,,,,5148.165761,-441.892321,-481.937618,-4224.33576,0.000062
2025-08-12,tools-orion,tools-orion,131225299543,,,,484.982896,-63.042611,0,-21.096914,400.843371
2025-08-12,US-INST-02,us-inst-02,504675810214,,,,53.357269,-7.864447,-4.682444,-5.034905,35.775473
2025-08-11,bambulab,bambulab,322168702712,,,,2310.113419,-28.918228,-720,-1561.195191,0
2025-08-11,68chat-prod,chat-prod-404613,731808937699,,,,2904.546264,0,-392.287888,-309.426662,2202.831714
2025-08-11,ffalcon-HW-01,ffalcon-hw-01,643550418219,,,,2516.772911,-273.644289,-783.470078,-159.240689,1300.417855
2025-08-11,kade,kade-poc,499036589398,,,,33.739226,-0.867749,0,-0.606627,32.26485
2025-08-11,lagofast-gcp,lagofast-gcp-429609,369988410061,,,,153.772661,0,0,-22.190885,131.581776
2025-08-11,sw-pro-01,sw-pro-01,661100906716,,,,5858.512164,-506.25699,-481.938079,-4870.317046,0.000049
2025-08-11,tools-orion,tools-orion,131225299543,,,,424.998079,-55.243789,0,-18.487408,351.266882
2025-08-11,US-INST-02,us-inst-02,504675810214,,,,61.182608,-8.490521,-4.640761,-5.758987,42.292339
2025-08-10,bambulab,bambulab,322168702712,,,,2304.330104,-28.546562,-720,-1555.783542,0
2025-08-10,68chat-prod,chat-prod-404613,731808937699,,,,2897.379485,0,-393.741459,-308.37343,2195.264596
2025-08-10,ffalcon-HW-01,ffalcon-hw-01,643550418219,,,,2631.516663,-281.83629,-783.495069,-170.270778,1395.914526
2025-08-10,kade,kade-poc,499036589398,,,,32.843505,-0.820428,0,-0.585151,31.437926
2025-08-10,lagofast-gcp,lagofast-gcp-429609,369988410061,,,,171.984766,0,0,-24.376545,147.608221
2025-08-10,sw-pro-01,sw-pro-01,661100906716,,,,6476.540673,-562.644416,-481.937471,-5431.958725,0.000061
2025-08-10,tools-orion,tools-orion,131225299543,,,,547.321068,-71.145251,0,-23.80859,452.367227
2025-08-10,US-INST-02,us-inst-02,504675810214,,,,62.80865,-8.61896,-4.615105,-5.911368,43.663217
2025-08-09,bambulab,bambulab,322168702712,,,,2297.047189,-27.924901,-720,-1549.122288,-0
2025-08-09,68chat-prod,chat-prod-404613,731808937699,,,,2904.939346,0,-393.893494,-309.256828,2201.789024
2025-08-09,ffalcon-HW-01,ffalcon-hw-01,643550418219,,,,2575.577809,-277.943045,-783.456815,-164.903639,1349.27431
2025-08-09,kade,kade-poc,499036589398,,,,13.301139,-0.76413,0,-0.559769,11.97724
2025-08-09,lagofast-gcp,lagofast-gcp-429609,369988410061,,,,168.890372,0,0,-24.004973,144.885399
2025-08-09,sw-pro-01,sw-pro-01,661100906716,,,,5433.413786,-467.845106,-481.93739,-4483.631211,0.000079
2025-08-09,tools-orion,tools-orion,131225299543,,,,541.190856,-70.348362,0,-23.542302,447.300192
2025-08-09,US-INST-02,us-inst-02,504675810214,,,,61.853329,-8.542454,-4.65369,-5.819606,42.837579
2025-08-08,bambulab,bambulab,322168702712,,,,2301.767047,-28.277394,-720,-1553.489653,-0
2025-08-08,68chat-prod,chat-prod-404613,731808937699,,,,2909.724304,0,-393.890253,-309.828643,2206.005408
2025-08-08,ffalcon-HW-01,ffalcon-hw-01,643550418219,,,,2633.895399,-282.704826,-783.514947,-170.544051,1397.131575
2025-08-08,kade,kade-poc,499036589398,,,,11.685343,-0.759474,0,-0.555002,10.370867
2025-08-08,lagofast-gcp,lagofast-gcp-429609,369988410061,,,,162.115201,0,0,-23.192459,138.922742
2025-08-08,sw-pro-01,sw-pro-01,661100906716,,,,6000.006881,-519.04739,-481.938137,-4999.021281,0.000073
2025-08-08,tools-orion,tools-orion,131225299543,,,,600.401905,-78.047195,0,-26.117685,496.237025
2025-08-08,US-INST-02,us-inst-02,504675810214,,,,62.338434,-8.580645,-4.595547,-5.87008,43.292162
2025-08-07,bambulab,bambulab,322168702712,,,,2304.412813,-28.474545,-720,-1555.938268,-0
2025-08-07,68chat-prod,chat-prod-404613,731808937699,,,,2860.239671,0,-393.886554,-303.827885,2162.525232
2025-08-07,ffalcon-HW-01,ffalcon-hw-01,643550418219,,,,2647.628034,-286.25824,-783.459274,-171.359068,1406.551452
2025-08-07,kade,kade-poc,499036589398,,,,22.003301,-1.018967,0,-0.674512,20.309822
2025-08-07,lagofast-gcp,lagofast-gcp-429609,369988410061,,,,160.212908,0,0,-22.964356,137.248552
2025-08-07,sw-pro-01,sw-pro-01,661100906716,,,,6098.953348,-528.120022,-481.93833,-5088.894927,0.000069
2025-08-07,tools-orion,tools-orion,131225299543,,,,777.368434,-101.053004,0,-33.8153,642.50013
2025-08-07,US-INST-02,us-inst-02,504675810214,,,,61.194146,-8.489635,-4.65161,-5.759195,42.293706
2025-08-06,bambulab,bambulab,322168702712,,,,2303.150634,-28.378186,-720,-1554.772448,-0
2025-08-06,68chat-prod,chat-prod-404613,731808937699,,,,2815.716229,0,-394.231602,-298.324659,2123.159968
2025-08-06,ffalcon-HW-01,ffalcon-hw-01,643550418219,,,,2593.543971,-275.328043,-767.60725,-164.10669,1386.501988
2025-08-06,kade,kade-poc,499036589398,,,,30.251455,-0.870487,0,-0.607617,28.773351
2025-08-06,lagofast-gcp,lagofast-gcp-429609,369988410061,,,,156.139661,0,0,-22.475475,133.664186
2025-08-06,sw-pro-01,sw-pro-01,661100906716,,,,6039.750279,-522.555894,-481.937351,-5035.256958,0.000076
2025-08-06,tools-orion,tools-orion,131225299543,,,,420.485488,-54.65629,0,-18.291138,347.53806
2025-08-06,US-INST-02,us-inst-02,504675810214,,,,61.079982,-8.334849,-4.420132,-5.785227,42.539774
2025-08-05,bambulab,bambulab,322168702712,,,,2436.819321,-38.234959,-720,-1678.584362,-0
2025-08-05,68chat-prod,chat-prod-404613,731808937699,,,,2821.265197,0,-394.539357,-298.935291,2127.790549
2025-08-05,ffalcon-HW-01,ffalcon-hw-01,643550418219,,,,2604.603028,-279.895725,-781.696365,-166.50075,1376.510188
2025-08-05,kade,kade-poc,499036589398,,,,68.675734,-0.81369,0,-0.582064,67.27998
2025-08-05,lagofast-gcp,lagofast-gcp-429609,369988410061,,,,155.02597,0,0,-22.341707,132.684263
2025-08-05,sw-pro-01,sw-pro-01,661100906716,,,,5878.892312,-508.215761,-481.937466,-4888.739027,0.000058
2025-08-05,tools-orion,tools-orion,131225299543,,,,479.156318,-56.025115,0,-380.62318,42.508023
2025-08-05,US-INST-02,us-inst-02,504675810214,,,,60.02267,-8.333775,-3.028239,-5.819029,42.841627
2025-08-04,bambulab,bambulab,322168702712,,,,2457.232347,-39.723894,-720,-1697.508453,0
2025-08-04,68chat-prod,chat-prod-404613,731808937699,,,,2831.102771,0,-394.231327,-300.167396,2136.704048
2025-08-04,ffalcon-HW-01,ffalcon-hw-01,643550418219,,,,2657.567081,-282.554972,-762.910653,-168.786033,1443.315423
2025-08-04,kade,kade-poc,499036589398,,,,35.885321,-0.805221,0,-0.578443,34.501657
2025-08-04,lagofast-gcp,lagofast-gcp-429609,369988410061,,,,152.601343,0,0,-22.050746,130.550597
2025-08-04,sw-pro-01,sw-pro-01,661100906716,,,,4755.853146,-405.958246,-481.937951,-3867.956882,0.000067
2025-08-04,tools-orion,tools-orion,131225299543,,,,502.830092,-57.841636,0,-444.988456,0
2025-08-04,US-INST-02,us-inst-02,504675810214,,,,61.358086,-8.329353,-4.884096,-5.768389,42.376248
2025-08-03,bambulab,bambulab,322168702712,,,,2412.053397,-36.828239,-720,-1655.225158,0
2025-08-03,68chat-prod,chat-prod-404613,731808937699,,,,2829.783847,0,-394.231434,-299.999748,2135.552665
2025-08-03,ffalcon-HW-01,ffalcon-hw-01,643550418219,,,,2717.981483,-287.864721,-762.910635,-174.299907,1492.90622
2025-08-03,kade,kade-poc,499036589398,,,,19.621615,-0.776782,0,-0.565501,18.279332
2025-08-03,lagofast-gcp,lagofast-gcp-429609,369988410061,,,,161.295857,0,0,-23.094218,138.201639
2025-08-03,sw-pro-01,sw-pro-01,661100906716,,,,5269.923333,-452.784842,-481.937769,-4335.200648,0.000074
2025-08-03,tools-orion,tools-orion,131225299543,,,,459.649014,-52.875291,0,-406.773723,-0
2025-08-03,US-INST-02,us-inst-02,504675810214,,,,62.701208,-8.436904,-4.884096,-5.891937,43.488271
2025-08-02,bambulab,bambulab,322168702712,,,,2263.392145,-25.33057,-720,-1518.061575,-0
2025-08-02,68chat-prod,chat-prod-404613,731808937699,,,,2841.361277,0,-394.231176,-301.380558,2145.749543
2025-08-02,ffalcon-HW-01,ffalcon-hw-01,643550418219,,,,2778.745785,-282.368663,-762.910348,-180.864653,1552.602121
2025-08-02,kade,kade-poc,499036589398,,,,52.786564,-0.758475,0,-0.557177,51.470912
2025-08-02,lagofast-gcp,lagofast-gcp-429609,369988410061,,,,164.012053,0,0,-23.420004,140.592049
2025-08-02,sw-pro-01,sw-pro-01,661100906716,,,,5504.690248,-474.399694,-481.937193,-4548.353286,0.000075
2025-08-02,tools-orion,tools-orion,131225299543,,,,429.343749,-49.388292,0,-379.955457,0
2025-08-02,US-INST-02,us-inst-02,504675810214,,,,61.772635,-8.362747,-4.884096,-5.806501,42.719291
2025-08-01,bambulab,bambulab,322168702712,,,,2264.787507,-25.429106,-720,-1519.358401,-0
2025-08-01,68chat-prod,chat-prod-404613,731808937699,,,,2827.830747,0,-394.230695,-299.773121,2133.826931
2025-08-01,ffalcon-HW-01,ffalcon-hw-01,643550418219,,,,2630.147731,-262.000138,-782.458331,-171.545559,1414.143703
2025-08-01,kade,kade-poc,499036589398,,,,52.701359,-0.745329,0,-0.549159,51.406871
2025-08-01,lagofast-gcp,lagofast-gcp-429609,369988410061,,,,153.392473,0,0,-22.145487,131.246986
2025-08-01,sw-pro-01,sw-pro-01,661100906716,,,,6079.076176,-526.232964,-481.937425,-5070.905729,0.000058
2025-08-01,tools-orion,tools-orion,131225299543,,,,469.5366,-54.01387,0,-415.52273,0
2025-08-01,US-INST-02,us-inst-02,504675810214,,,,61.128215,-7.70041,-4.804391,-5.816239,42.807175
2025-07-31,bambulab,bambulab,322168702712,,,,568.450974,-11.009264,-130.147659,-427.294052,-0.000001
2025-07-31,68chat-prod,chat-prod-404613,731808937699,,,,248.190759,0,-44.713693,-24.7106,178.766466
2025-07-31,ffalcon-HW-01,ffalcon-hw-01,643550418219,,,,289.838953,-30.94669,-124.115848,-14.038184,120.738231
2025-07-31,kade,kade-poc,499036589398,,,,1.193989,-0.082106,0,-0.047573,1.06431
2025-07-31,lagofast-gcp,lagofast-gcp-429609,369988410061,,,,20.074361,0,0,-12.782311,7.29205
2025-07-31,sw-pro-01,sw-pro-01,661100906716,,,,823.488243,-34.928415,-74.40432,-714.1555,0.000008
2025-07-31,tools-orion,tools-orion,131225299543,,,,56.59488,-0.543315,0,-56.051565,-0
2025-07-31,US-INST-02,us-inst-02,504675810214,,,,7.81873,-0.977586,-0.931381,-0.630706,5.279057
2025-07-30,bambulab,bambulab,322168702712,,,,3.070665,-0.00014,0,-3.070525,0
2025-07-30,68chat-prod,chat-prod-404613,731808937699,,,,0,0,0,-0.000002,-0.000002
2025-07-30,kade,kade-poc,499036589398,,,,0,0,0,-0.000001,-0.000001
2025-07-30,sw-pro-01,sw-pro-01,661100906716,,,,-0.603948,0,0,0.603948,0
2025-07-29,ffalcon-HW-01,ffalcon-hw-01,643550418219,,,,-0.00011,0.000016,0.000002,0.000009,-0.000083
2025-07-29,US-INST-02,us-inst-02,504675810214,,,,0,0,0,0,0
